Liang-Bo Wang <ccwang002>
周 忠毅 <rilak>
Ching-Lung Chuang <chinglung>
Evan Gui <evan176>
Jason <chairco>
KentHsu <KentHsu>
jerrychen <Jerrychenee>
Leon H. <LeonH>
hsiao yi <hsiaoyi0504>
Phate <Phate334>
文俊 高 <jkw552403>
Adrian Liaw <adrianliaw>
woodrow-shen <woodrowshen>
aminzai <aminzai>
Frank Jheng <M157q>
Asoul Yang <Asoul>
Renyuan Lyu <RenyuanLyu>
Noah Chen <noahcse>
Cecil Sheng <zcecil>
Inndy <Inndy>
splasky Chang <splasky>
Albin Sun <ypsun>
Kai-han Chang <rasca0027>
豆豆 (Tommy Lin) <tommylin>
Nkeys Syu <Nkeys>
Andy Dai <daikeren>
sammy huang <sammy.huang>
